word,answer
able (adjective),"ˈeɪ.bəl
to have the necessary physical strength, mental power, skill, time, money, or opportunity to do something."
accident (noun),"ˈæk.sɪ.dənt
something bad that happens that is not expected or intended and that often damages something or injures someone."
across (adverb),"əˈkrɒs
from one side to the other of something with clear limits, such as an area of land, a road, or a river."
across (preposition),"əˈkrɒs
on the opposite side of."
actor (noun),"ˈæk.tər
someone who pretends to be someone else while performing in a film, play, or television or radio programme."
actually (adverb),"ˈæk.tʃu.ə.li
in fact or really."
add (verb),"æd
to put two or more numbers or amounts together to get a total."
adult (adjective),"ˈæd.ʌlt
grown to full size and strength."
adventure (noun),"ədˈven.tʃər
an unusual, exciting, and possibly dangerous activity, such as a trip or experience, or the excitement produced by such an activity."
advertisement (noun),"ədˈvɜː.tɪs.mənt
a picture, short film, song, etc. that tries to persuade people to buy a product or service."
advice (noun),"ədˈvaɪs
an opinion that someone offers you about what you should do or how you should act in a particular situation."
afraid (adjective),"əˈfreɪd
feeling fear, or feeling worry about the possible results of a particular situation."
after (adverb),"ˈɑːf.tər
later than someone or something else."
afterwards (adverb),"ˈɑːf.tə.wədz
after the time mentioned."
against (preposition),"əˈɡenst
disagreeing with a plan or activity."
aged (adjective),"ˈeɪ.dʒɪd
of the age of."
ago (adverb),"əˈɡəʊ
back in time from the present."
agree (verb),"əˈɡriː
to have the same opinion."
air (noun),"eər
the mixture of gases that surrounds the earth and that we breathe."
airport (noun),"ˈeə.pɔːt
a place where aircraft regularly take off and land, with buildings for passengers to wait in."
album (noun),"ˈæl.bəm
a collection of several pieces of music, made available as a single item on a CD, the internet, etc.."
alcohol (noun),"ˈæl.kə.hɒl
a clear liquid that can make you drunk, also used as a solvent (= a substance that dissolves another) and in fuel and medicines."
all (adverb),"ɔːl
completely."
almost (adverb),"ˈɔːl.məʊst
nearly."
alone (adjective),"əˈləʊn
without other people."
along (preposition),"əˈlɒŋ
from one part of a road, river, etc. to another."
already (adverb),"ɔːlˈred.i
before the present time."
ambulance (noun),"ˈæm.bjə.ləns
a special vehicle used to take sick or injured people to hospital."
angry (adjective),"ˈæŋ.ɡri
having a strong feeling against someone who has behaved badly, making you want to shout at them or hurt them."
another (determiner),"əˈnʌð.ər
one more person or thing or an extra amount."
any more (adverb),"ˌen.iˈmɔːr
If you do not do something or something does not happen anymore, you have stopped doing it or it does not now happen."
anyone (pronoun),"ˈen.i.wʌn
used in questions and negatives to mean ""a person or people""."
anyway (adverb),"ˈen.i.weɪ
whatever else is happening, without considering other things."
anywhere (adverb),"ˈen.i.weər
in, to, or at any place."
apartment (noun),"əˈpɑːt.mənt
a set of rooms for living in, especially on one floor of a building."
appointment (noun),"əˈpɔɪnt.mənt
a formal arrangement to meet or visit someone at a particular time and place."
around (adverb),"əˈraʊnd
approximately."
around (preposition),"əˈraʊnd
in a position or direction surrounding, or in a direction going along the edge of or from one part to another (of)."
arrive (verb),"əˈraɪv
to reach a place, especially at the end of a journey."
art (noun),"ɑːt
the making of objects, images, music, etc. that are beautiful or that express feelings."
artist (noun),"ˈɑː.tɪst
someone who paints, draws, or makes sculptures."
as (adverb),"æz
used in comparisons to refer to the degree of something."
as (conjunction),"æz
because."
attractive (adjective),"əˈtræk.tɪv
very pleasing in appearance or sound."
aunt (noun),"ɑːnt
the sister of someone's father or mother, or the wife of someone's uncle or aunt."
autumn (noun),"ˈɔː.təm
the season of the year between summer and winter, lasting from September to November north of the equator and from March to May south of the equator, when fruits and crops become ready to eat and are picked, and leaves fall."
available (adjective),"əˈveɪ.lə.bəl
able to be bought or used."
away (adverb),"əˈweɪ
somewhere else, or to or in a different place, position, or situation."
awful (adjective),"ˈɔː.fəl
extremely bad or unpleasant."
back (noun),"bæk
the inside or outside part of an object, vehicle, building, etc. that is furthest from the front."
badly (adverb),"ˈbæd.li
in a severe and harmful way."
bake (verb),"beɪk
to cook inside an oven, without using added liquid or fat."
balloon (noun),"bəˈluːn
a small, thin rubber bag that you blow air into or fill with a light gas until it is round in shape, used for decoration, as a children's toy, or for other purposes such as medical treatment or scientific research ."
battery (noun),"ˈbæt.ər.i
a device that produces electricity to provide power for radios, cars, etc.."
be (auxiliary verb),"biː
used with the present participle of other verbs to describe actions that are or were still continuing."
bear (noun),"beər
a large, strong wild mammal with a thick fur coat that lives especially in colder parts of Europe, Asia, and North America."
become (verb),"bɪˈkʌm
to start to be."
beginning (noun),"bɪˈɡɪn.ɪŋ
the first part of something or the start of something."
believe (verb),"bɪˈliːv
to think that something is true, correct, or real."
belt (noun),"belt
a strip of leather or material worn around the waist to support clothes or for decoration."
beside (preposition),"bɪˈsaɪd
at the side of, next to."
better (adverb),"ˈbet.ər
in a more suitable, pleasing, or satisfactory way, or to a greater degree."
bicycle (noun),"ˈbaɪ.sɪ.kəl
a two-wheeled vehicle that you sit on and move by turning the two pedals (= flat parts you press with your feet)."
bill (noun),"bɪl
a request for payment of money owed, or the piece of paper on which it is written."
biology (noun),"baɪˈɒl.ə.dʒi
the scientific study of the natural processes of living things."
birth (noun),"bɜːθ
the time when a baby or young animal comes out of its mother's body."
bit (noun),"bɪt
a small piece or amount of something."
black (noun),"blæk
the colour of coal or of the sky on a very dark night."
blanket (noun),"ˈblæŋ.kɪt
a flat cover made of wool or similar warm material, usually used on a bed."
block (noun),"blɒk
the distance along a street from where one road crosses it to the place where the next road crosses it, or one part of a street like this, especially in a town or city."
blonde (adjective),"blɒnd
with pale yellow or gold hair."
blood (noun),"blʌd
the red liquid that is sent around the body by the heart, and carries oxygen and important substances to organs and tissue, and removes waste products."
blue (noun),"bluː
the colour of the sky without clouds on a bright day, or a darker or lighter type of this."
boil (verb),"bɔɪl
to reach, or cause something to reach, the temperature at which a liquid starts to turn into a gas."
book (verb),"bʊk
to arrange to have a seat, room, performer, etc. at a particular time in the future."
born (verb),"bɔːn
to come out of a mother's body, and start to exist."
borrow (verb),"ˈbɒr.əʊ
to get or receive something from someone with the intention of giving it back after a period of time."
boss (noun),"bɒs
the person who is in charge of an organization and who tells others what to do."
bottle (noun),"ˈbɒt.əl
a container for liquids, usually made of glass or plastic, with a narrow neck."
bowl (noun),"bəʊl
a round container that is open at the top and is deep enough to hold fruit, sugar, etc.."
boyfriend (noun),"ˈbɔɪ.frend
a man or boy that a person is having a romantic or sexual relationship with."
brain (noun),"breɪn
the organ inside the head that controls thought, memory, feelings, and activity."
break (verb),"breɪk
to (cause something to) separate suddenly or violently into two or more pieces, or to (cause something to) stop working by being damaged."
bridge (noun),"brɪdʒ
a structure that is built over a river, road, or railway to allow people and vehicles to cross from one side to the other."
bring (verb),"brɪŋ
to take or carry someone or something to a place or a person, or in the direction of the person speaking."
broken (adjective),"ˈbrəʊ.kən
damaged, no longer able to work."
brush (noun),"brʌʃ
an object with short pieces of stiff hair, plastic, or wire attached to a base or handle, used for cleaning, arranging your hair, or painting."
build (verb),"bɪld
to make something by putting bricks or other materials together."
building (noun),"ˈbɪl.dɪŋ
a structure with walls and a roof, such as a house or factory."
businessman (noun),"ˈbɪz.nɪs.mən
a man who works in business, especially one who has a high position in a company."
busy (adjective),"ˈbɪz.i
If you are busy, you are working hard, or giving your attention to a particular thing."
by (preposition),"baɪ
used to show the person or thing that does something."
call (noun),"kɔːl
the act of using the phone."
camp (verb),"kæmp
to put up a tent and stay in it for a short while, for example while on holiday."
camping (noun),"ˈkæm.pɪŋ
the activity of staying in a tent on holiday."
cap (noun),"kæp
a soft flat hat that has a curved part sticking out at the front, often worn as part of a uniform."
capital (noun),"ˈkæp.ɪ.təl
a city that is the centre of government of a country or smaller political area."
careful (adjective),"ˈkeə.fəl
giving a lot of attention to what you are doing so that you do not have an accident, make a mistake, or damage something."
carefully (adverb),"ˈkeə.fəl.i
with great attention."
carpet (noun),"ˈkɑː.pɪt
(a shaped piece of) thick material used for covering floors."
carrot (noun),"ˈkær.ət
a long pointed orange root eaten as a vegetable."
cartoon (noun),"kɑːˈtuːn
a drawing, especially in a newspaper or magazine, that tells a joke or makes a humorous political criticism."
cash (noun),"kæʃ
money in the form of notes and coins, rather than cheques or credit cards."
castle (noun),"ˈkɑː.səl
a large strong building, built in the past by a ruler or important person to protect the people inside from attack."
ceiling (noun),"ˈsiː.lɪŋ
the inside surface of a room that you can see when you look above you."
cent (noun),"sent
a unit of money worth 0.01 of a dollar, or a coin with this value."
centre (noun),"ˈsen.tər
the middle point or part."
century (noun),"ˈsen.tʃər.i
a period of 100 years."
certainly (adverb),"ˈsɜː.tən.li
used to reply completely or to emphasize something and show that there is no doubt about it."
change (noun),"tʃeɪndʒ
the act of becoming different, or the result of something becoming different."
channel (noun),"ˈtʃæn.əl
a television or radio station (= an organization that broadcasts television or radio programmes)."
chat (verb),"tʃæt
to talk to someone in a friendly informal way."
chat (noun),"tʃæt
a friendly, informal conversation."
check (verb),"tʃek
to make certain that something or someone is correct, safe, or suitable by examining it, him, or her quickly."
chef (noun),"ʃef
a skilled and trained cook who works in a hotel or restaurant, especially the most important cook."
chicken (noun),"ˈtʃɪk.ɪn
a type of bird kept on a farm for its eggs or its meat, or the meat of this bird that is cooked and eaten."
church (noun),"tʃɜːtʃ
a building for Christian religious activities."
cigarette (noun),"ˌsɪɡ.ərˈet
a small paper tube filled with cut pieces of tobacco that people smoke."
cinema (noun),"ˈsɪn.ə.mɑː
a theatre where people pay to watch films."
circle (noun),"ˈsɜː.kəl
a continuous curved line, the points of which are always the same distance away from a fixed central point, or the area inside such a line."
clear (adjective),"klɪər
easy to understand, hear, read, or see."
clearly (adverb),"ˈklɪə.li
in a way that is easy to see, hear, read, or understand."
click (verb),"klɪk
to carry out a computer operation by pressing a button on the mouse or keyboard."
cloud (noun),"klaʊd
a grey or white mass in the sky, made up of very small floating drops of water."
club (noun),"klʌb
an organization of people with a common purpose or interest, who meet regularly and take part in shared activities."
cold (noun),"kəʊld
a common infection, especially in the nose and throat, that causes you to cough and sneeze and your nose to run (= drip liquid) or feel blocked."
colleague (noun),"ˈkɒl.iːɡ
one of a group of people who work together."
collect (verb),"kəˈlekt
to get and keep things of one type such as stamps or coins as a hobby."
comfortable (adjective),"ˈkʌm.fə.tə.bəl
Comfortable furniture and clothes provide a pleasant feeling and do not give you any physical problems."
comic (noun),"ˈkɒm.ɪk
a magazine or book that contains a set of stories told in pictures with a small amount of writing."
company (noun),"ˈkʌm.pə.ni
an organization that sells goods or services in order to make money."
comparative (noun),"kəmˈpær.ə.tɪv
the form of an adjective or adverb that expresses a difference in amount, number, degree, or quality."
complete (verb),"kəmˈpliːt
to make whole or perfect."
concert (noun),"ˈkɒn.sət
a performance of music by one or more musicians or singers."
contact (verb),"ˈkɒn.tækt
to communicate with someone by calling or sending them a letter, email, etc.."
cook (noun),"kʊk
someone who prepares and cooks food."
cooker (noun),"ˈkʊk.ər
a large box-shaped device that is used to cook and heat food, either by putting the food inside or by putting it on the top."
cooking (noun),"ˈkʊk.ɪŋ
the activity of preparing or cooking food."
cool (exclamation),"kuːl
used for saying that you think something is good or acceptable, or that you have understood what you have been told."
copy (verb),"ˈkɒp.i
to produce something so that it is the same as an original piece of work."
corner (noun),"ˈkɔː.nər
the point, area, or line that is formed by the meeting of two lines, surfaces, roads, etc.."
correct (adjective),"kəˈrekt
in agreement with the true facts or with what is generally accepted."
cost (noun),"kɒst
the amount of money needed to buy, do, or make something."
cost (verb),"kɒst
If something costs an amount of money, you must pay that amount to buy or do it."
could (verb),"kʊd
past simple of ""can"", used to talk about what someone or something was able or allowed to do."
countryside (noun),"ˈkʌn.tri.saɪd
land not in towns, cities, or industrial areas, that is either used for farming or left in its natural condition."
cousin (noun),"ˈkʌz.ən
a child of a person's aunt or uncle, or, more generally, a distant (= not close) relation."
cover (verb),"ˈkʌv.ər
to put or spread something over something, or to lie on the surface of something."
crazy (adjective),"ˈkreɪ.zi
stupid or not reasonable."
cream (noun),"kriːm
the thick, yellowish-white liquid that forms on the top of milk."
cream (adjective),"kriːm
having a yellowish-white colour."
cross (verb),"krɒs
to go across from one side of something to the other."
crowd (noun),"kraʊd
a large group of people who have come together."
crowded (adjective),"ˈkraʊ.dɪd
If a place is crowded, it is full of people."
cry (verb),"kraɪ
to produce tears as the result of a strong emotion, such as unhappiness or pain."
cupboard (noun),"ˈkʌb.əd
a piece of furniture or a space for storing things, with a door or doors and usually with shelves."
curtain (noun),"ˈkɜː.tən
a piece of material, especially cloth, that hangs across a window or opening to make a room or part of a room dark or private."
customer (noun),"ˈkʌs.tə.mər
a person who buys goods or a service."
cut (verb),"kʌt
to break the surface of something, or to divide or make something smaller, using a sharp tool, especially a knife."
daily (adverb),"ˈdeɪ.li
happening on or relating to every day."
dancer (noun),"ˈdɑːn.sər
someone who dances either as a job or for pleasure."
danger (noun),"ˈdeɪn.dʒər
the possibility of harm or death to someone."
dangerous (adjective),"ˈdeɪn.dʒər.əs
A dangerous person, animal, thing, or activity could harm you."
dark (adjective),"dɑːk
with little or no light."
dead (adjective),"ded
not now living."
dear (exclamation),"dɪər
used in expressions of anger, disappointment, sadness, or surprise."
decide (verb),"dɪˈsaɪd
to choose something, especially after thinking carefully about several possibilities."
deep (adverb),"diːp
a long way from the top or surface ."
deep (adjective),"diːp
going or being a long way down from the top or surface, or being of a particular distance from the top to the bottom."
defence (noun),"dɪˈfens
the act of protecting someone or something against attack or criticism ."
delay (verb),"dɪˈleɪ
to make something happen at a later time than originally planned or expected."
delay (noun),"dɪˈleɪ
the situation in which you have to wait longer than expected for something to happen, or the time that you have to wait."
dentist (noun),"ˈden.tɪst
a person whose job is treating people's teeth."
department (noun),"dɪˈpɑːt.mənt
a part of an organization such as a school, business, or government that deals with a particular area of study or work."
describe (verb),"dɪˈskraɪb
to say or write what someone or something is like."
desert (noun),"ˈdez.ət
an area, often covered with sand or rocks, where there is very little rain and not many plants."
difference (noun),"ˈdɪf.ər.əns
the way in which two or more things which you are comparing are not the same."
digital (adjective),"ˈdɪdʒ.ɪ.təl
recording or storing information as a series of the numbers 1 and 0, to show that a signal is present or absent."
dirty (adjective),"ˈdɜː.ti
marked with dirt, mud, etc., or containing something such as pollution or bacteria."
discount (noun),"ˈdɪs.kaʊnt
a reduction in the usual price."
discuss (verb),"dɪˈskʌs
to talk about a subject with someone and tell each other your ideas or opinions."
dish (noun),"dɪʃ
a container, flatter than a bowl and sometimes with a lid, from which food can be served or which can be used for cooking."
document (noun),"ˈdɒk.jə.mənt
a paper or set of papers with written or printed information, especially of an official type."
double (adjective),"ˈdʌb.əl
twice the size, amount, price, etc., or consisting of two similar things together."
down (adverb),"daʊn
in or towards a low or lower position, from a higher one."
down (preposition),"daʊn
in or towards a low or lower position, from a higher one."
download (verb),"ˌdaʊnˈləʊd
to copy or move programs or information into a computer's memory, especially from the internet or a larger computer."
downstairs (adverb),"ˌdaʊnˈsteəz
to or on a lower floor of a building, especially the ground floor."
downtown (adjective),"ˌdaʊnˈtaʊn
in or to the central part of a city."
drawing (noun),"ˈdrɔː.ɪŋ
the act of making a picture with a pencil or pen, or a picture made in this way."
dream (noun),"driːm
a series of events or images that happen in your mind when you are sleeping."
dream (verb),"driːm
to experience events and images in your mind while you are sleeping."
dress (verb),"dres
to put clothes on yourself or someone else, especially a child."
dressed (adjective),"drest
wearing clothes and not naked."
drum (noun),"drʌm
a musical instrument, especially one made from a skin stretched over the end of a hollow tube or bowl, played by hitting with the hand or a stick."
dry (verb),"draɪ
to become dry, or to make something become dry."
dry (adjective),"draɪ
used to describe something that has no water or other liquid in, on, or around it."
during (preposition),"ˈdʒʊə.rɪŋ
from the beginning to the end of a particular period."
earn (verb),"ɜːn
to receive money as payment for work that you do."
easily (adverb),"ˈiː.zəl.i
with no difficulty or effort."
east (noun),"iːst
the direction from which the sun rises in the morning, opposite to the west, or the part of an area or country that is in this direction."
east (adverb),"iːst
towards the east."
east (adjective),"iːst
in or forming the east part of something."
eighty (number),"ˈeɪ.ti
the number 80."
electric (adjective),"iˈlek.trɪk
using electricity for power."
electricity (noun),"ˌel.ɪkˈtrɪs.ə.ti
a form of energy that can be produced in several ways and that provides power to devices that create light, heat, etc.."
elephant (noun),"ˈel.ɪ.fənt
a very large grey mammal that has a trunk (= long nose) with which it can pick things up."
else (adverb),"els
used after words beginning with any-, every-, no-, and some-, or after how, what, where, who, why, but not which, to mean 'other', 'another', 'different', 'extra'."
email (verb),"ˈiː.meɪl
to send an email to someone."
empty (adjective),"ˈemp.ti
not containing any things or people."
end (verb),"end
to finish or stop, or to make something finish or stop."
end (noun),"end
the part of a place or thing that is furthest away from the centre."
engine (noun),"ˈen.dʒɪn
a machine that uses the energy from liquid fuel or steam to produce movement."
engineer (noun),"ˌen.dʒɪˈnɪər
a person whose job is to design or build machines, engines, or electrical equipment, or things such as roads, railways, or bridges, using scientific principles."
enough (determiner),"ɪˈnʌf
as much as is necessary; in the amount or to the degree needed."
enough (adverb),"ɪˈnʌf
used after an adjective, adverb, or verb to mean to the necessary degree."
enter (verb),"ˈen.tər
to come or go into a particular place."
entrance (noun),"ˈen.trəns
a door, gate, etc. by which you can enter a building or place."
envelope (noun),"ˈen.və.ləʊp
a flat, usually square or rectangular, paper container for a letter."
especially (adverb),"ɪˈspeʃ.əl.i
very much; more than usual or more than other people or things."
euro (noun),"ˈjʊə.rəʊ
the unit of money used in most European Union countries."
even (adverb),"ˈiː.vən
used to show that something is surprising, unusual, unexpected, or extreme."
ever (adverb),"ˈev.ər
at any time."
everybody (pronoun),"ˈev.riˌbɒd.i
→ 
everyone ."
everyone (pronoun),"ˈev.ri.wʌn
every person."
everything (pronoun),"ˈev.ri.θɪŋ
all things."
everywhere (adverb),"ˈev.ri.weər
to, at, or in all places or the whole of a place."
exactly (adverb),"ɪɡˈzækt.li
used when you are giving or asking for information that is completely correct."
exam (noun),"ɪɡˈzæm
a test of a student's knowledge or skill in a particular subject ."
excellent (adjective),"ˈek.səl.ənt
extremely good."
except (preposition),"ɪkˈsept
not including; but not."
exercise (noun),"ˈek.sə.saɪz
physical activity that you do to make your body strong and healthy."
exit (noun),"ˈek.sɪt
the door through which you might leave a building or large vehicle."
explain (verb),"ɪkˈspleɪn
to make something clear or easy to understand by describing or giving information about it."
extra (adjective),"ˈek.strə
added to what is normal."
fact (noun),"fækt
something that is known to have happened or to exist, especially something for which proof exists, or about which there is information."
fall (verb),"fɔːl
to suddenly go down onto the ground or towards the ground without intending to or by accident."
fan (noun),"fæn
someone who admires and supports a person, sport, sports team, etc.."
fantastic (adjective),"fænˈtæs.tɪk
extremely good."
far (adverb),"fɑːr
at, to, or from a great distance in space or time."
farmer (noun),"ˈfɑː.mər
someone who owns or takes care of a farm."
fashion (noun),"ˈfæʃ.ən
a style that is popular at a particular time, especially in clothes, hair, make-up, etc.."
fast (adverb),"fɑːst
quickly."
few (determiner),"fjuː
some, or a small number of something."
field (noun),"fiːld
an area of land, used for growing crops or keeping animals, usually surrounded by a fence."
fifth (ordinal number),"fɪfθ
5th written as a word."
fifty (number),"ˈfɪf.ti
the number 50."
file (noun),"faɪl
any of several different types of container used to store papers, letters, and other documents in an ordered way, especially in an office."
fill (verb),"fɪl
to make or become full; to use empty space."
final (adjective),"ˈfaɪ.nəl
last."
finally (adverb),"ˈfaɪ.nəl.i
after a long time or some difficulty."
finger (noun),"ˈfɪŋ.ɡər
any of the long, thin, separate parts of the hand, especially those that are not thumbs."
fire (noun),"faɪər
(material that is in) the state of burning that produces flames that send out heat and light, and might produce smoke."
fishing (noun),"ˈfɪʃ.ɪŋ
the sport or job of catching fish."
fit (adjective),"fɪt
healthy and strong, especially as a result of exercise."
flight (noun),"flaɪt
a journey in an aircraft."
fly (verb),"flaɪ
When a bird, insect, or aircraft flies, it moves through the air."
follow (verb),"ˈfɒl.əʊ
to move behind someone or something and go where he, she, or it goes."
foreign (adjective),"ˈfɒr.ən
belonging or connected to a country that is not your own."
forest (noun),"ˈfɒr.ɪst
a large area of land covered with trees and plants, usually larger than a wood, or the trees and plants themselves."
fork (noun),"fɔːk
a small object with three or four points and a handle, that you use to pick up food and eat with."
form (noun),"fɔːm
a paper or set of papers printed with spaces in which answers to questions can be written or information can be recorded in an organized way."
forty (number),"ˈfɔː.ti
the number 40."
fourth (ordinal number),"fɔːθ
4th written as a word."
free (adjective),"friː
not doing anything planned or important, or available to be used."
fridge (noun),"frɪdʒ
a piece of kitchen equipment that uses electricity to preserve food at a cold temperature."
friendly (adjective),"ˈfrend.li
behaving in a pleasant, kind way towards someone."
front (noun),"frʌnt
the part of a building, object, or person's body that faces forward or is most often seen or used."
full (adjective),"fʊl
(of a container or a space) holding or containing as much as possible or a lot."
fun (adjective),"fʌn
giving pleasure, especially because of being not at all serious."
furniture (noun),"ˈfɜː.nɪ.tʃər
things such as chairs, tables, beds, cupboards, etc. that are put into a house or other building to make it suitable and comfortable for living or working in."
further (adjective),"ˈfɜː.ðər
more or extra."
garage (noun),"ˈɡær.ɑːʒ
a building where a car is kept, built next to or as part of a house."
gate (noun),"ɡeɪt
a part of a fence or outside wall that is fixed at one side and opens and closes like a door, usually made of metal or wooden strips."
geography (noun),"dʒiˈɒɡ.rə.fi
the study of the systems and processes involved in the world's weather, mountains, seas, lakes, etc. and of the ways in which countries and people organize life within an area."
gift (noun),"ɡɪft
a present or something that is given."
girlfriend (noun),"ˈɡɜːl.frend
a woman or girl who a person is having a romantic or sexual relationship with."
glad (adjective),"ɡlæd
pleased and happy."
glove (noun),"ɡlʌv
a piece of clothing that is worn on the hand and wrist for warmth or protection, with separate parts for each finger."
goal (noun),"ɡəʊl
an area on a playing field, that usually has two posts with a net fixed behind them, where players try to send the ball in order to score in sports such as football and hockey."
gold (noun),"ɡəʊld
a chemical element that is a valuable, shiny, yellow metal used to make coins and jewellery."
gold (adjective),"ɡəʊld
made of gold, or the colour of gold."
golden (adjective),"ˈɡəʊl.dən
made of gold."
golf (noun),"ɡɒlf
a game played outside on grass in which each player tries to hit a small ball into a series of nine or 18 small holes, using a long, thin stick."
grandfather (noun),"ˈɡræn.fɑː.ðər
the father of a person's mother or father."
grandmother (noun),"ˈɡræn.mʌð.ər
the mother of a person's father or mother."
grandparent (noun),"ˈɡræn.peə.rənt
the father or mother of a person's father or mother."
great (adjective),"ɡreɪt
large in amount, size, or degree."
green (noun),"ɡriːn
the colour of grass; a colour between blue and yellow."
grey (noun),"ɡreɪ
the colour that is a mixture of black and white, the colour of rain clouds."
grow (verb),"ɡrəʊ
to increase in size or amount, or to become more advanced or developed."
guess (verb),"ɡes
to give an answer to a particular question when you do not have all the facts and so cannot be certain if you are correct."
guest (noun),"ɡest
a person who is staying with you, or a person you have invited to a social occasion, such as a party or a meal."
guy (noun),"ɡaɪ
a man."
half (noun),"hɑːf
either of the two equal or nearly equal parts that together make up a whole."
hall (noun),"hɔːl
the area just inside the main entrance of a house, apartment, or other building that leads to other rooms and usually to the stairs."
happen (verb),"ˈhæp.ən
(of a situation or an event) to have existence or come into existence."
hard (adjective),"hɑːd
not easy to bend, cut, or break."
hate (verb),"heɪt
to dislike someone or something very much."
have (auxiliary verb),"hæv
used with the past participle of other verbs to form the present perfect and past perfect."
have (modal verb),"hæv
to need to or be forced."
have to (auxiliary verb),"hæv
used with the past participle of other verbs to form the present perfect and past perfect."
have to (modal verb),"hæv
to need to or be forced."
headache (noun),"ˈhed.eɪk
a pain you feel inside your head."
health (noun),"helθ
the condition of the body and the degree to which it is free from illness, or the state of being well."
healthy (adjective),"ˈhel.θi
strong and well."
heart (noun),"hɑːt
the organ in your chest that sends the blood around your body."
heating (noun),"ˈhiː.tɪŋ
the system that keeps a building warm."
heavy (adjective),"ˈhev.i
weighing a lot, and needing effort to move or lift."
helicopter (noun),"ˈhel.ɪˌkɒp.tər
a type of aircraft without wings, that has one or two sets of large blades that go round very fast on top. It can land and take off vertically and can stay in one place in the air."
help (noun),"help
the act of helping another person."
help (exclamation),"help
shouted by a person who is asking for someone to come and save them from a dangerous situation."
hers (pronoun),"hɜːz
the one(s) belonging to or connected with a woman, girl, or female animal that has been mentioned or is known about."
herself (pronoun),"hɜːˈself
used to refer to a female object of a verb, that is the same person or animal as the subject of the verb."
hey (exclamation),"heɪ
used as a way of attracting someone's attention, sometimes in a way that is not very polite."
high (adjective),"haɪ
(especially of things that are not living) being a large distance from top to bottom or a long way above the ground, or having the stated distance from top to bottom."
highway (noun),"ˈhaɪ.weɪ
a public road, especially an important road that joins cities or towns together."
hill (noun),"hɪl
an area of land that is higher than the surrounding land."
himself (pronoun),"hɪmˈself
used to refer to a male object of a verb that is the same person or animal as the subject of the verb."
history (noun),"ˈhɪs.tər.i
(the study of or a record of) past events considered together, especially events of a particular period, country, or subject."
hit (verb),"hɪt
to move your hand or an object onto the surface of something so that it touches it, usually with force."
hobby (noun),"ˈhɒb.i
an activity that someone does for pleasure when they are not working."
hockey (noun),"ˈhɒk.i
a game played on a sports field between two teams of eleven players who each have a curved stick with which they try to put a small, hard ball into the other team's goal."
hold (verb),"həʊld
to take and keep something in your hand or arms."
hope (verb),"həʊp
to want something to happen or to be true, and usually have a good reason to think that it might."
horrible (adjective),"ˈhɒr.ə.bəl
very unpleasant or bad."
how (adverb),"haʊ
in what way, or by what methods."
hundred (number),"ˈhʌn.drəd
the number 100."
hurry (verb),"ˈhʌr.i
to move or do things more quickly than normal or to make someone do this."
hurt (verb),"hɜːt
to feel pain in a part of your body, or to injure someone or cause them pain."
ice (noun),"aɪs
water that has frozen and become solid, or pieces of this."
idea (noun),"aɪˈdɪə
a suggestion or plan for doing something."
if (conjunction),"ɪf
used to say that a particular thing can or will happen only after something else happens or becomes true."
ill (adjective),"ɪl
not feeling well, or suffering from a disease."
immediately (adverb),"ɪˈmiː.di.ət.li
now or without waiting or thinking."
improve (verb),"ɪmˈpruːv
to (cause something to) get better."
in (adverb),"ɪn
from outside, or towards the centre."
include (verb),"ɪnˈkluːd
to contain something as a part of something else, or to make something part of something else."
including (preposition),"ɪnˈkluː.dɪŋ
used for saying that a person or thing is part of a particular group or amount."
indoor (adjective),"ˌɪnˈdɔːr
happening, used, or existing inside a building."
information (noun),"ˌɪn.fəˈmeɪ.ʃən
facts about a situation, person, event, etc.."
insect (noun),"ˈɪn.sekt
a type of very small animal with six legs, a body divided into three parts and usually two pairs of wings, or, more generally, any similar very small animal."
instead (adverb),"ɪnˈsted
in place of someone or something else."
instrument (noun),"ˈɪn.strə.mənt
an object, such as a piano, guitar, or drum, that is played to produce musical sounds."
interested (adjective),"ˈɪn.tre.stɪd
wanting to give your attention to something and discover more about it."
international (adjective),"ˌɪn.təˈnæʃ.ən.əl
involving more than one country."
invitation (noun),"ˌɪn.vɪˈteɪ.ʃən
the act of inviting someone to go to an event."
island (noun),"ˈaɪ.lənd
a piece of land completely surrounded by water."
itself (pronoun),"ɪtˈself
used when the subject of the verb is ""it"" and the object is the same thing, animal, situation, or idea."
jam (noun),"dʒæm
a sweet, soft food made by cooking fruit with sugar to preserve it. It is eaten on bread."
jazz (noun),"dʒæz
a type of modern music originally developed by African-Americans, with a rhythm in which the strong notes often come before the beat. Jazz is usually improvised (= invented as it is played).."
jewellery (noun),"ˈdʒuː.əl.ri
decorative objects worn on your clothes or body that are usually made from valuable metals, such as gold and silver, and precious stones."
journey (noun),"ˈdʒɜː.ni
the act of travelling from one place to another, especially in a vehicle."
jump (verb),"dʒʌmp
to push yourself suddenly off the ground and into the air using your legs."
just (adverb),"dʒʌst
now, very soon, or very recently."
keep (verb),"kiːp
to have or continue to have in your possession."
keyboard (noun),"ˈkiː.bɔːd
the set of keys on a computer or typewriter that you press in order to make it work ."
kick (noun),"kɪk
the action of kicking something."
kill (verb),"kɪl
to cause someone or something to die."
kilometre (noun),"ˈkɪl.əˌmiː.tər
a unit of measurement equal to 1,000 metres."
kind (adjective),"kaɪnd
generous, helpful, and thinking about other people's feelings."
king (noun),"kɪŋ
(the title of) a male ruler of a country, who holds this position because of his royal birth."
kiss (verb),"kɪs
to touch with your lips, especially as a greeting, or to press your mouth onto another person's mouth in a sexual way."
kiss (noun),"kɪs
an act of kissing someone."
lake (noun),"leɪk
a large area of water surrounded by land and not connected to the sea except by rivers or streams."
lamp (noun),"læmp
a device for giving light, especially one that has a covering or is contained within something."
laptop (noun),"ˈlæp.tɒp
a computer that is small enough to be carried around easily and is flat when closed."
large (adjective),"lɑːdʒ
big in size or amount."
last (adjective),"lɑːst
(the person or thing) after everyone or everything else."
later (adverb),"ˈleɪ.tər
at a time in the future or after the time you have mentioned."
latest (adjective),"ˈleɪ.tɪst
newest or most recent or modern."
laugh (verb),"lɑːf
to smile while making sounds with your voice that show you think something is funny or you are happy."
lazy (adjective),"ˈleɪ.zi
not willing to work or use any effort."
leather (noun),"ˈleð.ər
animal skin treated in order to preserve it, and used to make shoes, bags, clothes, equipment, etc.."
left (adjective),"left
on or towards the side of your body that is to the west when you are facing north."
left (noun),"left
the left side."
lemon (noun),"ˈlem.ən
an oval fruit that has a thick, yellow skin and sour juice, or the small tree on which this fruit grows."
lend (verb),"lend
to give something to someone for a short period of time, expecting it to be given back."
less (determiner),"les
a smaller amount (of), or to a smaller degree."
library (noun),"ˈlaɪ.brər.i
a building, room, or organization that has a collection of books, documents, music, and sometimes things such as tools or artwork, for people to borrow, usually without payment."
licence (noun),"ˈlaɪ.səns
an official document that gives you permission to own, do, or use something, usually after you have paid money and/or taken a test."
lie (verb),"laɪ
to be in or move into a horizontal position on a surface."
lift (noun),"lɪft
a device like a box that moves up and down, carrying people or goods from one floor of a building to another or taking people up and down underground in a mine."
light (adjective),"laɪt
not weighing a lot."
like (preposition),"laɪk
similar to; in the same way or manner as."
line (noun),"laɪn
a long, thin mark on the surface of something."
lion (noun),"ˈlaɪ.ən
a large wild animal of the cat family with yellowish-brown fur that lives in Africa and southern Asia."
list (noun),"lɪst
a record of short pieces of information, such as people's names, usually written or printed with a single thing on each line and often ordered in a way that makes a particular thing easy to find."
litre (noun),"ˈliː.tər
a unit for measuring the volume of a liquid or a gas, equal to 1,000 cubic centimetres."
little (adverb),"ˈlɪt.əl
slightly."
long (adverb),"lɒŋ
used to mean ""(for) a long time"", especially in questions and negative sentences."
lose (verb),"luːz
to no longer have something because you do not know where it is."
lost (adjective),"lɒst
not knowing where you are and how to get to a place."
loud (adjective),"laʊd
making a lot of noise."
lovely (adjective),"ˈlʌv.li
pleasant or enjoyable."
luck (noun),"lʌk
the force that causes things, especially good things, to happen to you by chance and not as a result of your own efforts or abilities."
lucky (adjective),"ˈlʌk.i
having good things happen to you by chance."
machine (noun),"məˈʃiːn
a piece of equipment with several moving parts that uses power to do a particular type of work."
magazine (noun),"ˌmæɡ.əˈziːn
a type of thin book with large pages and a paper cover that contains articles and photographs and is published every week or month."
magic (adjective),"ˈmædʒ.ɪk
with special powers."
magic (noun),"ˈmædʒ.ɪk
the use of special powers to make things happen that would usually be impossible, such as in stories for children."
mail (noun),"meɪl
the letters, etc. that are sent to or from people, or the system for sending letters, etc. from place to place."
manager (noun),"ˈmæn.ɪ.dʒər
the person who is responsible for managing an organization."
map (noun),"mæp
a drawing of the earth's surface, or part of that surface, showing the shape and position of different countries, political borders, natural features such as rivers and mountains, and artificial features such as roads and buildings."
married (adjective),"ˈmær.id
having a wife or husband."
match (noun),"mætʃ
a sports competition or event in which two people or teams compete against each other."
mathematics (noun),"ˌmæθˈmæt.ɪks
the study of numbers, shapes, and space using reason and usually a special system of symbols and rules for organizing them."
may (modal verb),"meɪ
used to express possibility."
maybe (adverb),"ˈmeɪ.bi
used to show that something is possible or that something might be true."
mean (verb),"miːn
to express or represent something such as an idea, thought, or fact."
mechanic (noun),"məˈkæn.ɪk
someone whose job is repairing the engines of vehicles and other machines."
meeting (noun),"ˈmiː.tɪŋ
a planned occasion when people come together, either in person or online (= using the internet), to discuss something."
member (noun),"ˈmem.bər
a person, animal, or thing that is part of a group."
menu (noun),"ˈmen.juː
a list of the food that you can eat in a restaurant."
metre (noun),"ˈmiː.tər
a unit of measurement equal to 100 centimetres."
middle (noun),"ˈmɪd.əl
the central point, position, or part."
midnight (noun),"ˈmɪd.naɪt
twelve o'clock in the middle of the night."
million (number),"ˈmɪl.jən
the number 1,000,000."
mind (verb),"maɪnd
(used in questions and negatives) to be annoyed or worried by something."
mine (pronoun),"maɪn
the one(s) belonging to or connected with me."
mirror (noun),"ˈmɪr.ər
a piece of glass with a shiny, metal-covered back that reflects light, producing an image of whatever is in front of it."
missing (adjective),"ˈmɪs.ɪŋ
Someone who is missing has disappeared."
mistake (noun),"mɪˈsteɪk
an action, decision, or judgment that produces an unwanted or unintentional result."
mix (verb),"mɪks
to (cause different substances to) combine, so that the result cannot easily be separated into its parts."
modern (adjective),"ˈmɒd.ən
designed and made using the most recent ideas and methods."
moment (noun),"ˈməʊ.mənt
a very short period of time."
monkey (noun),"ˈmʌŋ.ki
an animal that lives in hot countries, has a long tail, and climbs trees. Monkeys are primates (= the group of animals that are most like humans) .."
moon (noun),"muːn
the round object that moves in the sky around the earth and can be seen at night."
mosque (noun),"mɒsk
a building for Islamic religious activities and worship."
most (determiner),"məʊst
the biggest number or amount of; more than anything or anyone else."
motorcycle (noun),"ˈməʊ.təˌsaɪ.kəl
a vehicle with two wheels and an engine."
mountain (noun),"ˈmaʊn.tɪn
a raised part of the earth's surface, much larger than a hill, the top of which might be covered in snow."
mouse (noun),"maʊs
a small mammal with short fur, a pointed face, and a long tail."
move (verb),"muːv
to (cause to) change position."
musical (adjective),"ˈmjuː.zɪ.kəl
related to or connected with music."
must (modal verb),"mʌst
used to show that it is necessary or very important that something happens in the present or future."
myself (pronoun),"maɪˈself
used when the subject of the verb is ""I"" and the object is the same person."
national (adjective),"ˈnæʃ.ən.əl
relating to or typical of a whole country and its people, rather than to part of that country or to other countries."
nature (noun),"ˈneɪ.tʃər
all the animals, plants, rocks, etc. in the world and all the features, forces, and processes that happen or exist independently of people, such as the weather, the sea, mountains, the production of young animals or plants, and growth."
nearly (adverb),"ˈnɪə.li
almost, or not completely."
neck (noun),"nek
the part of the body that joins the head to the shoulders."
neighbour (noun),"ˈneɪ.bər
someone who lives very close to you."
news (noun),"njuːz
information or reports about recent events."
next (adverb),"nekst
immediately after."
ninety (number),"ˈnaɪn.ti
the number 90."
no one (pronoun),"ˈnəʊ wʌn
no person."
nobody (pronoun),"ˈnəʊ.bə.di
not anyone."
noisy (adjective),"ˈnɔɪ.zi
making a lot of noise."
noon (noun),"nuːn
twelve o'clock in the middle of the day, or about that time."
normal (adjective),"ˈnɔː.məl
ordinary or usual; the same as would be expected."
north (adjective),"nɔːθ
in or forming the north part of something."
north (noun),"nɔːθ
the direction that goes towards the part of the earth above the equator, opposite to the south, or the part of an area or country that is in this direction."
north (adverb),"nɔːθ
towards the north."
notebook (noun),"ˈnəʊt.bʊk
a book of plain paper or paper with lines, for writing on."
nothing (pronoun),"ˈnʌθ.ɪŋ
not anything."
notice (noun),"ˈnəʊ.tɪs
(a board, piece of paper, etc. containing) information or instructions."
nurse (noun),"nɜːs
(the title given to) a person whose job is to care for people who are ill or injured, especially in a hospital."
occupation (noun),"ˌɒk.jəˈpeɪ.ʃən
a person's job."
ocean (noun),"ˈəʊ.ʃən
a very large area of sea."
offer (verb),"ˈɒf.ər
to ask someone if they would like to have something or if they would like you to do something."
offer (noun),"ˈɒf.ər
the act of asking if someone would like to have something or if they would like you to do something."
office (noun),"ˈɒf.ɪs
a room or part of a building in which people work, especially sitting at tables with computers, phones, etc., usually as a part of a business or other organization."
ok (adverb),"ˌəʊˈkeɪ
in a satisfactory way."
ok (adjective),"ˌəʊˈkeɪ
agreed or acceptable."
on (adverb),"ɒn
on your body or someone's body."
once (adverb),"wʌns
one single time."
one (pronoun),"wʌn
used to refer to a particular thing or person within a group or range of things or people that are possible or available."
onion (noun),"ˈʌn.jən
a vegetable with a strong smell and flavour, made up of several layers surrounding each other tightly in a round shape, usually brown or red on the outside and white inside."
online (adverb),"ˌɒnˈlaɪn
bought, used, etc. using the internet."
online (adjective),"ˈɒn.laɪn
Online products, services, or information can be bought or used on the internet."
open (adjective),"ˈəʊ.pən
not closed or fastened."
opera (noun),"ˈɒp.ər.ə
a musical play in which most of the words are sung, or plays and music of this type."
opposite (preposition),"ˈɒp.ə.zɪt
in a position facing someone or something but on the other side."
order (noun),"ˈɔː.dər
a request to make, supply, or deliver food or goods."
order (verb),"ˈɔː.dər
to ask for something to be made, supplied, or delivered, especially in a restaurant or shop."
other (pronoun),"ˈʌð.ər
the second of two things or people, or the thing or person that is left in a group or set of things."
ours (pronoun),"aʊəz
the one(s) belonging to or connected with the person who is speaking and one or more other people."
ourselves (pronoun),"ˌaʊəˈselvz
used when the subject of the verb is ""we"" or the speaker and one or more others, and the object is the same group of people."
outside (adverb),"ˌaʊtˈsaɪd
not in a particular building or room, but near it."
own (determiner),"əʊn
belonging to or done by a particular person or thing."
pack (verb),"pæk
to put something into a bag, box, etc.."
pain (noun),"peɪn
a feeling of physical suffering caused by injury or illness."
paint (verb),"peɪnt
to cover a surface with paint."
painter (noun),"ˈpeɪn.tər
someone who paints pictures."
painting (noun),"ˈpeɪn.tɪŋ
a picture made using paint."
pair (noun),"peər
two things of the same appearance and size that are intended to be used together, or something that consists of two parts joined together."
park (verb),"pɑːk
to put a vehicle in a place where it can stay for a period of time, usually while you leave it."
part (noun),"pɑːt
some but not all of a thing."
passenger (noun),"ˈpæs.ən.dʒər
a person who is travelling in a vehicle but is not driving it, flying it, or working on it."
passport (noun),"ˈpɑːs.pɔːt
an official document containing personal information and usually a photograph that allows a person to travel to foreign countries and to prove who they are."
past (preposition),"pɑːst
in or to a position that is further than a particular point."
path (noun),"pɑːθ
a route or track between one place and another, or the direction in which something is moving."
pepper (noun),"ˈpep.ər
a grey or white powder produced by crushing dry peppercorns, used to give a spicy, hot taste to food."
per (preposition),"pɜːr
used when expressing rates, prices, or measurements to mean ""for each""."
perfect (adjective),"ˈpɜː.fekt
complete and correct in every way, of the best possible type or without fault."
perhaps (adverb),"pəˈhæps
used to show that something is possible or that you are not certain about something."
petrol (noun),"ˈpet.rəl
a liquid obtained from petroleum, used especially as a fuel for cars and other vehicles."
photograph (noun),"ˈfəʊ.tə.ɡrɑːf
a picture produced using a camera."
photographer (noun),"fəˈtɒɡ.rə.fər
a person who takes photographs, either as a job or hobby."
photography (noun),"fəˈtɒɡ.rə.fi
the activity or job of taking photographs or filming."
physics (noun),"ˈfɪz.ɪks
the scientific study of matter and energy and the effect that they have on each other."
piano (noun),"piˈæn.əʊ
a large musical instrument with a row of black and white keys that are pressed to play notes."
piece (noun),"piːs
a part of something."
pilot (noun),"ˈpaɪ.lət
a person who flies an aircraft."
pink (adjective),"pɪŋk
of a pale red colour."
pink (noun),"pɪŋk
a pale red colour."
plan (noun),"plæn
a set of decisions about how to do something in the future."
plastic (noun),"ˈplæs.tɪk
an artificial substance that can be shaped when soft into many different forms and has many different uses."
plastic (adjective),"ˈplæs.tɪk
made of plastic."
play (noun),"pleɪ
a piece of writing that is intended to be acted in a theatre or on radio or television."
pleasant (adjective),"ˈplez.ənt
enjoyable, attractive, friendly, or easy to like."
pleased (adjective),"pliːzd
happy or satisfied."
plus (preposition),"plʌs
added to."
pocket (noun),"ˈpɒk.ɪt
a small bag for carrying things in, made of cloth and sewn into the inside or onto the outside of a piece of clothing."
point (verb),"pɔɪnt
to direct other people's attention to something by holding out your finger towards it."
police (noun),"pəˈliːs
the official organization that is responsible for protecting people and property, making people obey the law, finding out about and solving crime, and catching people who have committed a crime."
policeman (noun),"pəˈliːs.mən
a male member of a police force."
polite (adjective),"pəˈlaɪt
behaving in a way that is socially correct and shows understanding of and care for other people's feelings."
pop (noun),"pɒp
modern popular music, usually with a strong beat, created with electrical or electronic equipment, and easy to listen to and remember."
popular (adjective),"ˈpɒp.jə.lər
liked, enjoyed, or supported by many people."
possibly (adverb),"ˈpɒs.ə.bli
used when something is not certain."
post (verb),"pəʊst
to send a letter or parcel by post."
post (noun),"pəʊst
letters, etc. that are delivered to homes or places of work."
poster (noun),"ˈpəʊ.stər
a large printed picture, photograph, or notice that you stick or pin to a wall or board, usually for decoration or to advertise something."
pound (noun),"paʊnd
the standard unit of money used in the UK and some other countries."
pray (verb),"preɪ
to speak to a god either privately or in a religious ceremony in order to express love, admiration, or thanks or in order to ask for something."
prefer (verb),"prɪˈfɜːr
to like, choose, or want one thing rather than another."
prepare (verb),"prɪˈpeər
to make or get something or someone ready for something that will happen in the future."
present (noun),"ˈprez.ənt
something that you are given, without asking for it, on a special occasion, especially to show friendship, or to say thank you."
president (noun),"ˈprez.ɪ.dənt
(the title given to) the person who has the highest political position in a country that is a republic and who, in some of these countries, is the leader of the government."
pretty (adjective),"ˈprɪt.i
pleasant to look at, or (especially of girls or women or things relating to them) attractive or pleasant in a delicate way."
price (noun),"praɪs
the amount of money for which something is sold."
principal (noun),"ˈprɪn.sə.pəl
the person in charge of a school ."
print (verb),"prɪnt
to produce writing or images on paper or other material with a machine."
printer (noun),"ˈprɪn.tər
a machine that is connected to a computer and prints onto paper using ink."
prize (noun),"praɪz
something valuable, such as an amount of money, that is given to someone who succeeds in a competition or game or that is given to someone as a reward for doing very good work."
probably (adverb),"ˈprɒb.ə.bli
used to mean that something is very likely."
program (noun),"ˈprəʊ.ɡræm
a series of instructions that can be put into a computer in order to make it perform an operation."
programme (noun),"ˈprəʊ.ɡræm
a broadcast on television or radio."
pub (noun),"pʌb
a place, especially in Great Britain or Ireland, where alcoholic drinks can be bought and drunk and where food is often available."
pull (verb),"pʊl
to move something towards yourself, sometimes with great physical effort."
pupil (noun),"ˈpjuː.pəl
a person, especially a child at school, who is being taught."
purple (noun),"ˈpɜː.pəl
a dark reddish-blue colour."
purple (adjective),"ˈpɜː.pəl
of a dark reddish-blue colour."
push (verb),"pʊʃ
to use physical pressure or force, especially with your hands, in order to move something into a different position, usually one that is further away from you."
quarter (noun),"ˈkwɔː.tər
one of four equal or almost equal parts of something; ¼."
queen (noun),"kwiːn
a woman who rules a country because she has been born into a royal family, or a woman who is married to a king."
quick (adjective),"kwɪk
happening or done with great speed, or lasting only a short time."
quickly (adverb),"ˈkwɪk.li
at a fast speed."
quiet (adjective),"ˈkwaɪ.ət
making very little noise."
quite (adverb),"kwaɪt
a little or a lot but not completely."
race (noun),"reɪs
a competition in which all the competitors try to be the fastest and to finish first."
railway (noun),"ˈreɪl.weɪ
the metal tracks on which trains run."
rat (noun),"ræt
a small rodent, larger than a mouse, that has a long tail and is considered to be harmful."
real (adjective),"rɪəl
existing in fact and not imaginary."
really (exclamation),"ˈrɪə.li
used to express interest, surprise, or anger."
reason (noun),"ˈriː.zən
the cause of an event or situation or something that provides an excuse or explanation."
receipt (noun),"rɪˈsiːt
something such as a piece of paper or message proving that money, goods, or information have been received."
receive (verb),"rɪˈsiːv
to get or be given something."
record (verb),"rɪˈkɔːd
to store sounds or moving pictures using electronic equipment so that they can be heard or seen later."
red (noun),"red
the colour of fresh blood."
rent (verb),"rent
to pay or receive a fixed amount of money for the use of a room, house, car, television, etc.."
rent (noun),"rent
a fixed amount of money that you pay regularly for the use of a room, house, car, television, etc. that someone else owns."
repair (verb),"rɪˈpeər
to put something that is damaged, broken, or not working correctly, back into good condition or make it work again."
repeat (verb),"rɪˈpiːt
to say or tell people something more than once."
report (noun),"rɪˈpɔːt
a teacher's written statement to parents about a child's ability and performance at school."
rest (noun),"rest
the other things, people, or parts that remain or that have not been mentioned."
return (verb),"rɪˈtɜːn
to come or go back to a previous place."
rich (adjective),"rɪtʃ
having a lot of money or valuable possessions."
right (adverb),"raɪt
on or towards the side of your body that is to the east when you are facing north."
right (noun),"raɪt
the right side."
right (exclamation),"raɪt
used to express agreement with someone or to show that you have understood what someone has said."
ring (verb),"rɪŋ
to make a phone call to someone."
roof (noun),"ruːf
the covering that forms the top of a building, vehicle, etc.."
round (adjective),"raʊnd
shaped like a ball or circle, or curved."
round (preposition),"raʊnd
in a circular direction or position; around."
rugby (noun),"ˈrʌɡ.bi
a sport where two teams try to score points by carrying an oval ball across a particular line or kicking it over and between an H-shaped set of posts."
runner (noun),"ˈrʌn.ər
someone who runs, especially in competitions."
running (noun),"ˈrʌn.ɪŋ
the activity of going somewhere quickly on foot, as a sport or for pleasure."
sailing (noun),"ˈseɪ.lɪŋ
the sport or activity of using boats with sails."
salad (noun),"ˈsæl.əd
a mixture of uncooked vegetables, usually including lettuce, eaten either as a separate dish or with other food."
same (pronoun),"seɪm
exactly like."
sauce (noun),"sɔːs
a thick liquid eaten with food to add flavour."
science (noun),"ˈsaɪ.əns
(knowledge from) the careful study of the structure and behaviour of the physical world, especially by watching, measuring, and doing experiments, and the development of theories to describe the results of these activities."
screen (noun),"skriːn
a flat surface in a cinema, on a television, or as part of a computer, on which pictures or words are shown."
seat (noun),"siːt
a piece of furniture or part of a train, plane, etc. that has been designed for someone to sit on."
second (noun),"ˈsek.ənd
a short unit of time that is equal to a 60th of a minute."
secretary (noun),"ˈsek.rə.tər.i
someone who works in an office, writing letters, making phone calls, and arranging meetings for a person or for an organization."
sell (verb),"sel
to give something to someone else in return for money."
serve (verb),"sɜːv
to provide food or drinks."
set (noun),"set
a group of similar things that belong together in some way."
seventy (number),"ˈsev.ən.ti
the number 70."
several (determiner),"ˈsev.ər.əl
some; an amount that is not exact but is fewer than many."
shame (noun),"ʃeɪm
If something is described as a shame, it is disappointing or not satisfactory."
share (verb),"ʃeər
to have or use something at the same time as someone else."
sheet (noun),"ʃiːt
a large piece of thin cloth used on a bed for sleeping on or under."
shelf (noun),"ʃelf
a long, flat board fixed horizontally, usually against a wall or inside a cupboard so that objects can be stored on it."
ship (noun),"ʃɪp
a large boat for travelling on water, especially across the sea."
should (modal verb),"ʃʊd
used to say or ask what is the correct or best thing to do."
shout (verb),"ʃaʊt
to speak with a very loud voice, often as loud as possible, usually when you want to make yourself heard in noisy situations, or when the person you are talking to is a long way away or cannot hear very well."
show (noun),"ʃəʊ
a theatre performance or a television or radio programme that is entertaining rather than serious."
shut (verb),"ʃʌt
to (cause to) close something."
sick (adjective),"sɪk
physically or mentally ill; not well or healthy."
side (noun),"saɪd
a flat outer surface of an object, especially one that is not the top, the bottom, the front, or the back."
sign (noun),"saɪn
a notice giving information, directions, a warning, etc.."
silver (noun),"ˈsɪl.vər
a chemical element that is a valuable shiny, white metal, used for making cutlery (= knives, spoons, etc.), jewellery, coins, and decorative objects."
silver (adjective),"ˈsɪl.vər
made of silver, or of the colour of silver."
simple (adjective),"ˈsɪm.pəl
easy to understand or do; not difficult."
since (preposition),"sɪns
from a particular time in the past until a later time, or until now."
singer (noun),"ˈsɪŋ.ər
a person who sings."
singing (noun),"ˈsɪŋ.ɪŋ
the activity of making musical sounds with the voice, usually a tune with words."
sink (noun),"sɪŋk
a bowl that is attached to the wall in a kitchen or bathroom in which you wash dishes or your hands, etc.."
sixty (number),"ˈsɪk.sti
the number 60."
size (noun),"saɪz
how large or small something or someone is."
skiing (noun),"ˈskiː.ɪŋ
the activity or sport of moving on skis."
sky (noun),"skaɪ
the area above the earth, in which clouds, the sun, etc. can be seen."
slice (noun),"slaɪs
a flat, often thin, piece of food that has been cut from a larger piece."
slowly (adverb),"ˈsləʊ.li
at a slow speed."
snake (noun),"sneɪk
a reptile with a long body and no legs."
snow (verb),"snəʊ
If it snows, snow falls from the sky."
so (conjunction),"səʊ
used at the beginning of a sentence to connect it with something that has been said or has happened previously."
so (adverb),"səʊ
very, extremely, or to such a degree."
soap (noun),"səʊp
a substance used for washing the body or other things."
soccer (noun),"ˈsɒk.ər
a game played between two teams of eleven people, where each team tries to win by kicking a ball into the other team's goal."
sock (noun),"sɒk
a piece of clothing made from soft material that covers your foot and the lower part of your leg."
soft (adjective),"sɒft
not hard or firm."
software (noun),"ˈsɒft.weər
the instructions that control what a computer does; computer programs."
somebody (pronoun),"ˈsʌm.bə.di
someone."
someone (pronoun),"ˈsʌm.wʌn
used to refer to a single person when you do not know who they are or when it is not important who they are."
somewhere (adverb),"ˈsʌm.weər
in or at a place having a position that is not stated or not known."
song (noun),"sɒŋ
a usually short piece of music with words that are sung."
soon (adverb),"suːn
in or within a short time; before long; quickly."
sorry (adjective),"ˈsɒr.i
feeling sadness, sympathy, or disappointment, especially because something unpleasant has happened or been done."
sort (noun),"sɔːt
a group of things that are of the same type or that share similar qualities."
sound (noun),"saʊnd
something that you can hear or that can be heard."
sound (verb),"saʊnd
to seem good, interesting, strange, etc. from what is said or written."
south (noun),"saʊθ
the direction that goes towards the part of the earth below the equator, opposite to the north, or the part of an area or country that is in this direction."
south (adjective),"saʊθ
in or forming the south part of something."
south (adverb),"saʊθ
towards the south."
space (noun),"speɪs
an empty area that is available to be used."
special (adjective),"ˈspeʃ.əl
not ordinary or usual."
spell (verb),"spel
to form a word or words with the letters in the correct order."
spelling (noun),"ˈspel.ɪŋ
forming words with the correct letters in the correct order, or the ability to do this."
spend (verb),"spend
to give money as a payment for something."
spoon (noun),"spuːn
an object consisting of a round, hollow part and a handle, used for mixing, serving, and eating food."
spring (noun),"sprɪŋ
the season of the year between winter and summer, lasting from March to June north of the equator, and from September to December south of the equator, when the weather becomes warmer, leaves and plants start to grow again and flowers appear."
square (adjective),"skweər
having the shape of a square."
square (noun),"skweər
a flat shape with four sides of equal length and four angles of 90°."
staff (noun),"stɑːf
the group of people who work for an organization."
stair (noun),"steər
a set of steps that lead from one level of a building to another."
stamp (noun),"stæmp
a small piece of paper with a picture or pattern on it that is stuck onto a letter or package before it is posted, to show that the cost of sending it has been paid."
stand (verb),"stænd
to be in a vertical state or to put into a vertical state, especially (of a person or animal) by making the legs straight."
star (noun),"stɑːr
a very large ball of burning gas in space that is usually seen from the earth as a point of light in the sky at night."
steal (verb),"stiːl
to take something without the permission or knowledge of the owner and keep it."
still (adverb),"stɪl
continuing to happen or continuing to be done."
stomach (noun),"ˈstʌm.ək
an organ in the body where food is digested, or the soft front part of your body just below the chest."
storm (noun),"stɔːm
an extreme weather condition with very strong wind, heavy rain, and often thunder and lightning."
story (noun),"ˈstɔː.ri
a description, either true or imagined, of a connected series of events."
straight (adjective),"streɪt
continuing in one direction without bending or curving."
strange (adjective),"streɪndʒ
unusual and unexpected, or difficult to understand."
strong (adjective),"strɒŋ
powerful; having or using great force or control."
such (predeterminer),"sʌtʃ
used before a noun or noun phrase to add emphasis."
suit (noun),"suːt
a jacket and trousers or a jacket and skirt that are made from the same material."
suppose (verb),"səˈpəʊz
to think that something is likely to be true."
sure (adjective),"ʃɔːr
certain; without any doubt."
sure (adverb),"ʃɔːr
certainly."
surprise (noun),"səˈpraɪz
an unexpected event."
surprised (adjective),"səˈpraɪzd
feeling or showing surprise because something has happened that you did not expect."
sweater (noun),"ˈswet.ər
a piece of clothing, typically with long sleeves and made from wool, that is worn on the upper part of the body."
sweet (noun),"swiːt
a small piece of sweet food, made of sugar."
swim (noun),"swɪm
a time when you swim."
swimming (noun),"ˈswɪm.ɪŋ
the activity or sport of swimming."
team (noun),"tiːm
a number of people or animals who do something together as a group."
teenager (noun),"ˈtiːnˌeɪ.dʒər
a young person between 13 and 19 years old."
telephone (noun),"ˈtel.ɪ.fəʊn
a 
phone ."
telephone (verb),"ˈtel.ɪ.fəʊn
to use a phone."
temperature (noun),"ˈtem.prə.tʃər
the measured amount of heat in a place or in the body."
terrible (adjective),"ˈter.ə.bəl
very unpleasant or serious or of low quality."
text (verb),"tekst
to send someone a text message by phone."
textbook (noun),"ˈtekst.bʊk
a book that contains detailed information about a subject for people who are studying that subject."
thank (verb),"θæŋk
to express to someone that you are pleased about or are grateful for something that they have done."
that (conjunction),"ðæt
used to introduce a clause that reports something or gives further information, although it can often be left out."
theatre (noun),"ˈθɪə.tər
a building, room, or outside structure with rows of seats, each row usually higher than the one in front, from which people can watch a performance or other activity."
theirs (pronoun),"ðeəz
the one(s) belonging to or connected with them."
themselves (pronoun),"ðəmˈselvz
used when the subject of the verb is ""they"" or a group of people, and the object is the same group of people."
thin (adjective),"θɪn
having a small distance between two opposite sides."
third (ordinal number),"θɜːd
3rd written as a word."
thirsty (adjective),"ˈθɜː.sti
needing to drink."
thirty (number),"ˈθɜː.ti
the number 30."
thousand (number),"ˈθaʊ.zənd
the number 1,000."
through (preposition),"θruː
from one end or side of something to the other."
throw (verb),"θrəʊ
to send something through the air with force, especially by a sudden movement of the arm."
tidy (verb),"ˈtaɪ.di
to make a place or a collection of things tidy."
tidy (adjective),"ˈtaɪ.di
having everything ordered and arranged in the right place, or liking to keep things like this."
tie (noun),"taɪ
a long, thin piece of material that is worn under a shirt collar, especially by men, and tied in a knot at the front."
till (preposition),"tɪl
up to (the time that); until."
time (noun),"taɪm
the part of existence that is measured in minutes, days, years, etc., or this process considered as a whole."
toe (noun),"təʊ
any of the five separate parts at the end of the foot."
top (noun),"tɒp
the highest place or part."
tour (noun),"tʊər
a visit to a place or area, especially one during which you look around the place or area and learn about it."
tourist (noun),"ˈtʊə.rɪst
someone who visits a place for pleasure and interest, usually while on holiday."
towel (noun),"taʊəl
a piece of cloth or paper used for drying someone or something that is wet."
toy (noun),"tɔɪ
an object for children to play with."
traffic (noun),"ˈtræf.ɪk
the number of vehicles moving along roads, or the amount of aircraft, trains, or ships moving along a route."
trip (noun),"trɪp
a journey in which you go somewhere, usually for a short time, and come back again."
true (adjective),"truː
(especially of facts or statements) right and not wrong; correct."
try (verb),"traɪ
to attempt to do something."
tune (noun),"tʃuːn
a series of musical notes, especially one that is pleasant and easy to remember."
twice (predeterminer),"twaɪs
two times."
type (noun),"taɪp
a particular group of people or things that share similar characteristics and form a smaller division of a larger set."
tyre (noun),"taɪər
a thick rubber ring, often filled with air, that is fitted around the outer edge of the wheel of a vehicle, allowing the vehicle to stick to the road surface and to travel over the ground more easily."
umbrella (noun),"ʌmˈbrel.ə
a device for protection against the rain, consisting of a stick with a folding frame covered in material at one end and usually a handle at the other, or a similar, often larger, device used for protection against the sun."
uncle (noun),"ˈʌŋ.kəl
the brother of someone's mother or father, or the husband of someone's aunt or uncle."
unfortunately (adverb),"ʌnˈfɔː.tʃən.ət.li
used to say that something is sad, disappointing, or has a bad effect."
unhappy (adjective),"ʌnˈhæp.i
sad or not satisfied."
uniform (noun),"ˈjuː.nɪ.fɔːm
a particular set of clothes that has to be worn by the members of the same organization or group of people."
unusual (adjective),"ʌnˈjuː.ʒu.əl
different from others of the same type in a way that is surprising, interesting, or attractive."
up (adverb),"ʌp
towards a higher position; towards a higher value, number, or level."
up (preposition),"ʌp
to or in a higher level or position."
upset (adjective),"ʌpˈset
worried, unhappy, or angry."
upstairs (adverb),"ʌpˈsteəz
towards or on the highest floor or floors of a building."
useful (adjective),"ˈjuːs.fəl
effective; helping you to do or achieve something."
usual (adjective),"ˈjuː.ʒu.əl
normal; happening, done, or used most often."
usually (adverb),"ˈjuː.ʒu.ə.li
in the way that most often happens."
various (adjective),"ˈveə.ri.əs
many different."
video (noun),"ˈvɪd.i.əʊ
a recording of moving pictures and sound, especially as a digital file, DVD, etc.."
visitor (noun),"ˈvɪz.ɪ.tər
someone who visits a person or place."
walk (noun),"wɔːk
a journey that you make by walking, often for enjoyment."
war (noun),"wɔːr
armed fighting between two or more countries or groups, or a particular example of this."
wash (noun),"wɒʃ
the action of washing something or a part of your body."
way (noun),"weɪ
a route, direction, or path."
weekly (adjective),"ˈwiː.kli
happening once a week or every week."
welcome (exclamation),"ˈwel.kəm
said as a greeting to someone arriving at a place."
west (noun),"west
the direction in which the sun goes down in the evening, opposite to the east, or the part of an area or country that is in this direction."
west (adjective),"west
in or forming the west part of something."
west (adverb),"west
towards the west."
wet (adjective),"wet
covered in water or another liquid."
wheel (noun),"wiːl
a circular object connected at the centre to a bar, used for making vehicles or parts of machines move."
which (pronoun),"wɪtʃ
used as the subject or object of a verb to show what thing or things you are referring to, or to add information about the thing just mentioned. It is usually used for things, not people."
while (conjunction),"waɪl
during the time that, or at the same time as."
whilst (conjunction),"waɪl
during the time that, or at the same time as."
white (noun),"waɪt
a colour like that of snow, milk, or bone."
whole (adjective),"həʊl
complete or not divided."
wide (adjective),"waɪd
having a larger distance from one side to the other than is usual or expected, especially in comparison with the length of something; not narrow."
will (modal verb),"wɪl
used to talk about what is going to happen in the future, especially things that you are certain about or things that are planned."
win (verb),"wɪn
to achieve first position and/or get a prize in a competition, election, fight, etc.."
winner (noun),"ˈwɪn.ər
someone who wins a game, competition, or election."
without (preposition),"wɪˈðaʊt
not having or doing something, or lacking something."
wonderful (adjective),"ˈwʌn.də.fəl
extremely good."
wood (noun),"wʊd
a hard substance that forms the branches and trunks of trees and can be used as a building material, for making things, or as a fuel."
wooden (adjective),"ˈwʊd.ən
made of wood."
wool (noun),"wʊl
the soft, thick hair that grows on the bodies of sheep and some other animals."
worker (noun),"ˈwɜː.kər
someone who works in a particular job or in a particular way."
worried (adjective),"ˈwʌr.id
unhappy because you are thinking about problems or unpleasant things that might happen."
worry (verb),"ˈwʌr.i
to think about problems or unpleasant things that might happen in a way that makes you feel unhappy and frightened."
worse (adjective),"wɜːs
comparative of 
bad more unpleasant, difficult, or severe than before or than something else that is also bad."
worst (adjective),"wɜːst
superlative of 
bad of the lowest quality, or the most unpleasant, difficult, or severe."
wow (exclamation),"waʊ
used to show surprise and sometimes pleasure."
wrong (adverb),"rɒŋ
in a way that is not correct."
yeah (adverb),"jeə
yes."
yet (adverb),"jet
still; until the present time."
yours (pronoun),"jɔːz
the one(s) belonging to or connected with the person or group of people being spoken or written to."
yourself (pronoun),"jɔːˈself
used when the subject of the verb is ""you"" or the person being spoken to, and the object is the same person."
zero (number),"ˈzɪə.rəʊ
(the number) 0; nothing."
